Titulo;Link;Cuerpo;Seccion
Empleadas domésticas: cómo obtener $ 200.000 extra en mayo;https://www.lagaceta.com.ar/nota/990643/economia/empleadas-domesticas-como-obtener-200000-extra-mayo.html;El Banco Nación ofrece empréstitos a las personas que realicen funciones de servicio doméstico.;Economía
Creció la construcción en marzo: 3,5% mensual y 1,2% interanual;https://www.lagaceta.com.ar/nota/990602/economia/crecio-construccion-marzo-35porciento-mensual-12porciento-interanual.html;La actividad se recuperó en el tercer mes del año.;Economía
La actividad industrial subió un 3,1% en marzo interanual;https://www.lagaceta.com.ar/nota/990601/economia/actividad-industrial-subio-31porciento-marzo-interanual.html;El Indec informó que 12 de los 16 rubros que conforman la medición de la industria manufacturera presentaron subas interanuales.;Economía
La emisión monetaria bajo la lupa de Rosatti;https://www.lagaceta.com.ar/nota/990576/economia/emision-monetaria-bajo-lupa-rosatti.html;El presidente de la Corte dijo que “tiene que llamarnos la atención la expansión incontrolada” y se refirió los alcances de la Constitución;Economía
El Banco Central finalizó la jornada con compras por U$S 3 millones;https://www.lagaceta.com.ar/nota/990563/economia/banco-central-finalizo-jornada-compras-us-3-millones.html;La autoridad monetaria alcanzó la tercera rueda con saldo positivo.;Economía
La cotización de dólares paralelos volvió a estabilizarse: ¿qué esperan los analistas?;https://www.lagaceta.com.ar/nota/990518/economia/cotizacion-dolares-paralelos-volvio-estabilizarse-que-esperan-analistas.html;Algunos economistas celebraron los factores detrás de la calma conseguida, aunque advirtieron que hay probabilidades que vuelvan las presiones;Economía
Aumento para un grupo de jubilados: quiénes percibirán el incremento del 30%;https://www.lagaceta.com.ar/nota/990517/economia/aumento-para-grupo-jubilados-quienes-percibiran-incremento-30porciento.html;Lo anunció el gobernador de la provincia de Buenos Aires, Axel Kicillof,;Economía
"EN VIVO: la cotización del dólar ""blue"" en este martes 9 de mayo";https://www.lagaceta.com.ar/nota/990505/economia/en-vivo-cotizacion-dolar-blue-este-martes-9-mayo.html;La divisa estadounidense inició la jornada a $470 por unidad.;Economia
Nuevos aumentos: el gobierno autorizó subas en las tarifas de TV, telefonía e Internet;https://www.lagaceta.com.ar/nota/990481/economia/nuevos-aumentos-gobierno-autorizo-subas-tarifas-tv-telefonia-e-internet.html;El presidente de Enacom, Claudio Ambrosini, le puso la firma a la resolución que establece las nuevas subas.;Economía
Hot Sale 2023: estos son los productos con mejores descuentos;https://www.lagaceta.com.ar/nota/990482/economia/hot-sale-2023-estos-son-productos-mejores-descuentos.html;De las más de 16.000 ofertas disponibles, las más clickeadas fueron celulares, consolas de videojuegos, indumentaria deportiva;Economía
Empleadas domésticas: cómo obtener $ 200.000 extra en mayo;https://www.lagaceta.com.ar/nota/990643/economia/empleadas-domesticas-como-obtener-200000-extra-mayo.html;El Banco Nación ofrece empréstitos a las personas que realicen funciones de servicio doméstico.;Economía
Creció la construcción en marzo: 3,5% mensual y 1,2% interanual;https://www.lagaceta.com.ar/nota/990602/economia/crecio-construccion-marzo-35porciento-mensual-12porciento-interanual.html;La actividad se recuperó en el tercer mes del año.;Economía
La actividad industrial subió un 3,1% en marzo interanual;https://www.lagaceta.com.ar/nota/990601/economia/actividad-industrial-subio-31porciento-marzo-interanual.html;El Indec informó que 12 de los 16 rubros que conforman la medición de la industria manufacturera presentaron subas interanuales.;Economía
La emisión monetaria bajo la lupa de Rosatti;https://www.lagaceta.com.ar/nota/990576/economia/emision-monetaria-bajo-lupa-rosatti.html;El presidente de la Corte dijo que “tiene que llamarnos la atención la expansión incontrolada” y se refirió los alcances de la Constitución;Economía
El Banco Central finalizó la jornada con compras por U$S 3 millones;https://www.lagaceta.com.ar/nota/990563/economia/banco-central-finalizo-jornada-compras-us-3-millones.html;La autoridad monetaria alcanzó la tercera rueda con saldo positivo.;Economía
La cotización de dólares paralelos volvió a estabilizarse: ¿qué esperan los analistas?;https://www.lagaceta.com.ar/nota/990518/economia/cotizacion-dolares-paralelos-volvio-estabilizarse-que-esperan-analistas.html;Algunos economistas celebraron los factores detrás de la calma conseguida, aunque advirtieron que hay probabilidades que vuelvan las presiones;Economía
Aumento para un grupo de jubilados: quiénes percibirán el incremento del 30%;https://www.lagaceta.com.ar/nota/990517/economia/aumento-para-grupo-jubilados-quienes-percibiran-incremento-30porciento.html;Lo anunció el gobernador de la provincia de Buenos Aires, Axel Kicillof,;Economía
"EN VIVO: la cotización del dólar ""blue"" en este martes 9 de mayo";https://www.lagaceta.com.ar/nota/990505/economia/en-vivo-cotizacion-dolar-blue-este-martes-9-mayo.html;La divisa estadounidense inició la jornada a $470 por unidad.;Economia
Nuevos aumentos: el gobierno autorizó subas en las tarifas de TV, telefonía e Internet;https://www.lagaceta.com.ar/nota/990481/economia/nuevos-aumentos-gobierno-autorizo-subas-tarifas-tv-telefonia-e-internet.html;El presidente de Enacom, Claudio Ambrosini, le puso la firma a la resolución que establece las nuevas subas.;Economía
Hot Sale 2023: estos son los productos con mejores descuentos;https://www.lagaceta.com.ar/nota/990482/economia/hot-sale-2023-estos-son-productos-mejores-descuentos.html;De las más de 16.000 ofertas disponibles, las más clickeadas fueron celulares, consolas de videojuegos, indumentaria deportiva;Economía
